{
  "BASE_1_CONSTRAINT_2": {
    "rouge1": 0.1690407003142979,
    "rouge2": 0.04555550775697399,
    "rougeL": 0.12915745061662448,
    "consistency": 0.7223423758236841,
    "length_compliance": 0.9248000000000001,
    "readability": 0.4716,
    "composite_score": 0.32718828561173047,
    "total_cost": 0.34534344,
    "cost_per_evaluation": 0.00069068688,
    "successful_evaluations": 500,
    "total_evaluations": 500,
    "success_rate": 1.0
  },
  "BASE_1_CONSTRAINT_1": {
    "rouge1": 0.1547802137154878,
    "rouge2": 0.04120398158623997,
    "rougeL": 0.11855618243026435,
    "consistency": 0.7436431818279305,
    "length_compliance": 0.9675999999999999,
    "readability": 0.446,
    "composite_score": 0.3253647650706236,
    "total_cost": 0.36774504,
    "cost_per_evaluation": 0.00073549008,
    "successful_evaluations": 500,
    "total_evaluations": 500,
    "success_rate": 1.0
  },
  "BASE_2_CONSTRAINT_1": {
    "rouge1": 0.1612079529458264,
    "rouge2": 0.04411544361855919,
    "rougeL": 0.12422040209672196,
    "consistency": 0.7159932292307951,
    "length_compliance": 0.9536,
    "readability": 0.46520000000000006,
    "composite_score": 0.32509751930658737,
    "total_cost": 0.35964864,
    "cost_per_evaluation": 0.00071929728,
    "successful_evaluations": 500,
    "total_evaluations": 500,
    "success_rate": 1.0
  },
  "BASE_1": {
    "rouge1": 0.15963754269637798,
    "rouge2": 0.044036867509921765,
    "rougeL": 0.12292623524469232,
    "consistency": 0.6991892732967281,
    "length_compliance": 0.9575999999999999,
    "readability": 0.48919999999999997,
    "composite_score": 0.3246959625921108,
    "total_cost": 0.35519224,
    "cost_per_evaluation": 0.00071038448,
    "successful_evaluations": 500,
    "total_evaluations": 500,
    "success_rate": 1.0
  },
  "BASE_3_CONSTRAINT_2": {
    "rouge1": 0.1630298501385924,
    "rouge2": 0.043995416095332,
    "rougeL": 0.12603670083238483,
    "consistency": 0.703763201732904,
    "length_compliance": 0.956,
    "readability": 0.45480000000000004,
    "composite_score": 0.32325802364543743,
    "total_cost": 0.35717864000000005,
    "cost_per_evaluation": 0.0007143572800000001,
    "successful_evaluations": 500,
    "total_evaluations": 500,
    "success_rate": 1.0
  },
  "BASE_1_ADDITIONAL_1": {
    "rouge1": 0.15920908027731442,
    "rouge2": 0.04402940274261236,
    "rougeL": 0.12166105640002726,
    "consistency": 0.6959507250501975,
    "length_compliance": 0.9648,
    "readability": 0.474,
    "composite_score": 0.3230903718492505,
    "total_cost": 0.36562864,
    "cost_per_evaluation": 0.00073125728,
    "successful_evaluations": 500,
    "total_evaluations": 500,
    "success_rate": 1.0
  },
  "BASE_1_PARAPHRASE_2": {
    "rouge1": 0.1603848398079776,
    "rouge2": 0.04248978663183253,
    "rougeL": 0.1220424026044112,
    "consistency": 0.6704776769742662,
    "length_compliance": 0.9604000000000001,
    "readability": 0.5024,
    "composite_score": 0.3217714212055614,
    "total_cost": 0.35594104000000004,
    "cost_per_evaluation": 0.0007118820800000001,
    "successful_evaluations": 500,
    "total_evaluations": 500,
    "success_rate": 1.0
  },
  "BASE_1_DETAIL_1": {
    "rouge1": 0.1590895351201387,
    "rouge2": 0.043126698910048146,
    "rougeL": 0.12161237628737352,
    "consistency": 0.6783999920087588,
    "length_compliance": 0.9556,
    "readability": 0.49439999999999995,
    "composite_score": 0.32135405556247115,
    "total_cost": 0.35464104,
    "cost_per_evaluation": 0.00070928208,
    "successful_evaluations": 500,
    "total_evaluations": 500,
    "success_rate": 1.0
  },
  "BASE_1_PARAPHRASE_1": {
    "rouge1": 0.16254397203474116,
    "rouge2": 0.04551648314370376,
    "rougeL": 0.12498365427708186,
    "consistency": 0.6819544813375208,
    "length_compliance": 0.9456,
    "readability": 0.478,
    "composite_score": 0.3212672085813535,
    "total_cost": 0.35162504,
    "cost_per_evaluation": 0.00070325008,
    "successful_evaluations": 500,
    "total_evaluations": 500,
    "success_rate": 1.0
  },
  "BASE_2_DETAIL_2": {
    "rouge1": 0.16725921943350766,
    "rouge2": 0.045758196265145296,
    "rougeL": 0.128055993076224,
    "consistency": 0.6749937478903311,
    "length_compliance": 0.9104000000000001,
    "readability": 0.49160000000000004,
    "composite_score": 0.3199868662280646,
    "total_cost": 0.35209824,
    "cost_per_evaluation": 0.0007041964800000001,
    "successful_evaluations": 500,
    "total_evaluations": 500,
    "success_rate": 1.0
  },
  "BASE_2_CONSTRAINT_2": {
    "rouge1": 0.15878194635504644,
    "rouge2": 0.043553066851566805,
    "rougeL": 0.12089935857415635,
    "consistency": 0.6558614508909738,
    "length_compliance": 0.9596,
    "readability": 0.4988,
    "composite_score": 0.31869931869659684,
    "total_cost": 0.35987744000000005,
    "cost_per_evaluation": 0.0007197548800000001,
    "successful_evaluations": 500,
    "total_evaluations": 500,
    "success_rate": 1.0
  },
  "BASE_2_PARAPHRASE_1": {
    "rouge1": 0.16290050177206764,
    "rouge2": 0.0457977666585845,
    "rougeL": 0.12443496957748773,
    "consistency": 0.6548644456860157,
    "length_compliance": 0.9304,
    "readability": 0.506,
    "composite_score": 0.3185646161528627,
    "total_cost": 0.35135464,
    "cost_per_evaluation": 0.00070270928,
    "successful_evaluations": 500,
    "total_evaluations": 500,
    "success_rate": 1.0
  },
  "BASE_2_DETAIL_1": {
    "rouge1": 0.15978975030298817,
    "rouge2": 0.04307106713767893,
    "rougeL": 0.1206258204400663,
    "consistency": 0.6626330585196769,
    "length_compliance": 0.9408000000000001,
    "readability": 0.5027999999999999,
    "composite_score": 0.3183999703623938,
    "total_cost": 0.35403264,
    "cost_per_evaluation": 0.00070806528,
    "successful_evaluations": 500,
    "total_evaluations": 500,
    "success_rate": 1.0
  },
  "BASE_2": {
    "rouge1": 0.16168911300517042,
    "rouge2": 0.04411242223375218,
    "rougeL": 0.12254655521246018,
    "consistency": 0.6577426298730188,
    "length_compliance": 0.9324,
    "readability": 0.49,
    "composite_score": 0.31661259611112336,
    "total_cost": 0.35203064,
    "cost_per_evaluation": 0.00070406128,
    "successful_evaluations": 500,
    "total_evaluations": 500,
    "success_rate": 1.0
  },
  "BASE_1_TONE_1": {
    "rouge1": 0.15488746159405328,
    "rouge2": 0.04062379565423021,
    "rougeL": 0.11777732655031219,
    "consistency": 0.6731801757142195,
    "length_compliance": 0.9568,
    "readability": 0.46120000000000005,
    "composite_score": 0.3150346229487418,
    "total_cost": 0.35772984,
    "cost_per_evaluation": 0.00071545968,
    "successful_evaluations": 500,
    "total_evaluations": 500,
    "success_rate": 1.0
  }
}